linage,substrate,product,ExperimentName,enantiomer,name,mutation,codon,AA,DNA
NOPiv,O=C(OC)CCC1=CC=CC=C1,O=C(OC)C[C@H](N)C1=CC=CC=C1,20240421-JR-SSM-H2NOH,1,NOPiv_G0,#PARENT#,#PARENT#,MTPSDIPGYDYGRVEKSPITDLEFDLLKKTVMLGEEDVMYLKKAADVLKDQVDEILDLAGGWVASNEHLIYYFSNPDTGEPIKEYLERVRARAGAWVLDTTCRDYNREWLDYQYEVGLRHHRSKKGVTDGVRTVPNTPLRYLIAGIYPITATIKPLLAEKGGSPEDIEGMYNAWLKSVVLQVAIWSHPYTKENDWLEHHHHHH,ATGACTCCCTCGGACATCCCGGGGTATGATTATGGGCGTGTCGAGAAGTCACCCATCACGGACCTTGAGTTTGACCTTCTGAAGAAGACTGTCATGTTAGGTGAAGAGGACGTAATGTACTTGAAAAAGGCGGCTGACGTTCTGAAAGATCAAGTTGATGAGATCCTTGACCTGGCGGGTGGTTGGGTAGCATCAAATGAGCATTTGATTTATTACTTCTCCAATCCGGATACAGGAGAGCCTATTAAAGAATACCTGGAACGTGTACGCGCTCGCGCGGGAGCCTGGGTTCTGGACACTACCTGCCGCGACTATAACCGTGAATGGTTAGACTACCAGTACGAAGTTGGGCTTCGTCATCACCGTTCAAAGAAAGGGGTCACAGACGGAGTACGCACCGTGCCCAATACCCCACTTCGTTATCTTATCGCAGGTATCTATCCTATCACCGCCACTATCAAGCCACTTTTAGCTGAGAAAGGTGGCTCTCCGGAAGACATCGAAGGGATGTACAACGCTTGGCTCAAGTCTGTAGTTCTACAAGTTGCCATCTGGTCACACCCTTATACTAAGGAGAATGACTGGCTCGAGCACCACCACCACCACCACTGA
NOPiv,O=C(OC)CCC1=CC=CC=C1,O=C(OC)C[C@H](N)C1=CC=CC=C1,,1,NOPiv_G1,V89I,ATA,MTPSDIPGYDYGRVEKSPITDLEFDLLKKTVMLGEEDVMYLKKAADVLKDQVDEILDLAGGWVASNEHLIYYFSNPDTGEPIKEYLERIRARAGAWVLDTTCRDYNREWLDYQYEVGLRHHRSKKGVTDGVRTVPNTPLRYLIAGIYPITATIKPLLAEKGGSPEDIEGMYNAWLKSVVLQVAIWSHPYTKENDWLEHHHHHH,ATGACTCCCTCGGACATCCCGGGGTATGATTATGGGCGTGTCGAGAAGTCACCCATCACGGACCTTGAGTTTGACCTTCTGAAGAAGACTGTCATGTTAGGTGAAGAGGACGTAATGTACTTGAAAAAGGCGGCTGACGTTCTGAAAGATCAAGTTGATGAGATCCTTGACCTGGCGGGTGGTTGGGTAGCATCAAATGAGCATTTGATTTATTACTTCTCCAATCCGGATACAGGAGAGCCTATTAAAGAATACCTGGAACGTATACGCGCTCGCGCGGGAGCCTGGGTTCTGGACACTACCTGCCGCGACTATAACCGTGAATGGTTAGACTACCAGTACGAAGTTGGGCTTCGTCATCACCGTTCAAAGAAAGGGGTCACAGACGGAGTACGCACCGTGCCCAATACCCCACTTCGTTATCTTATCGCAGGTATCTATCCTATCACCGCCACTATCAAGCCACTTTTAGCTGAGAAAGGTGGCTCTCCGGAAGACATCGAAGGGATGTACAACGCTTGGCTCAAGTCTGTAGTTCTACAAGTTGCCATCTGGTCACACCCTTATACTAAGGAGAATGACTGGCTCGAGCACCACCACCACCACCACTGA
NOPiv,O=C(OC)CCC1=CC=CC=C1,O=C(OC)C[C@H](N)C1=CC=CC=C2,,1,NOPiv_G2,V38I,ATA,MTPSDIPGYDYGRVEKSPITDLEFDLLKKTVMLGEEDIMYLKKAADVLKDQVDEILDLAGGWVASNEHLIYYFSNPDTGEPIKEYLERIRARAGAWVLDTTCRDYNREWLDYQYEVGLRHHRSKKGVTDGVRTVPNTPLRYLIAGIYPITATIKPLLAEKGGSPEDIEGMYNAWLKSVVLQVAIWSHPYTKENDWLEHHHHHH,ATGACTCCCTCGGACATCCCGGGGTATGATTATGGGCGTGTCGAGAAGTCACCCATCACGGACCTTGAGTTTGACCTTCTGAAGAAGACTGTCATGTTAGGTGAAGAGGACATAATGTACTTGAAAAAGGCGGCTGACGTTCTGAAAGATCAAGTTGATGAGATCCTTGACCTGGCGGGTGGTTGGGTAGCATCAAATGAGCATTTGATTTATTACTTCTCCAATCCGGATACAGGAGAGCCTATTAAAGAATACCTGGAACGTATACGCGCTCGCGCGGGAGCCTGGGTTCTGGACACTACCTGCCGCGACTATAACCGTGAATGGTTAGACTACCAGTACGAAGTTGGGCTTCGTCATCACCGTTCAAAGAAAGGGGTCACAGACGGAGTACGCACCGTGCCCAATACCCCACTTCGTTATCTTATCGCAGGTATCTATCCTATCACCGCCACTATCAAGCCACTTTTAGCTGAGAAAGGTGGCTCTCCGGAAGACATCGAAGGGATGTACAACGCTTGGCTCAAGTCTGTAGTTCTACAAGTTGCCATCTGGTCACACCCTTATACTAAGGAGAATGACTGGCTCGAGCACCACCACCACCACCACTGA
NOPiv,O=C(OC)CCC1=CC=CC=C1,O=C(OC)C[C@H](N)C1=CC=CC=C3,,1,NOPiv_G3,A93L,CTT,MTPSDIPGYDYGRVEKSPITDLEFDLLKKTVMLGEEDIMYLKKAADVLKDQVDEILDLAGGWVASNEHLIYYFSNPDTGEPIKEYLERIRARLGAWVLDTTCRDYNREWLDYQYEVGLRHHRSKKGVTDGVRTVPNTPLRYLIAGIYPITATIKPLLAEKGGSPEDIEGMYNAWLKSVVLQVAIWSHPYTKENDWLEHHHHHH,ATGACTCCCTCGGACATCCCGGGGTATGATTATGGGCGTGTCGAGAAGTCACCCATCACGGACCTTGAGTTTGACCTTCTGAAGAAGACTGTCATGTTAGGTGAAGAGGACATAATGTACTTGAAAAAGGCGGCTGACGTTCTGAAAGATCAAGTTGATGAGATCCTTGACCTGGCGGGTGGTTGGGTAGCATCAAATGAGCATTTGATTTATTACTTCTCCAATCCGGATACAGGAGAGCCTATTAAAGAATACCTGGAACGTATACGCGCTCGCCTTGGAGCCTGGGTTCTGGACACTACCTGCCGCGACTATAACCGTGAATGGTTAGACTACCAGTACGAAGTTGGGCTTCGTCATCACCGTTCAAAGAAAGGGGTCACAGACGGAGTACGCACCGTGCCCAATACCCCACTTCGTTATCTTATCGCAGGTATCTATCCTATCACCGCCACTATCAAGCCACTTTTAGCTGAGAAAGGTGGCTCTCCGGAAGACATCGAAGGGATGTACAACGCTTGGCTCAAGTCTGTAGTTCTACAAGTTGCCATCTGGTCACACCCTTATACTAAGGAGAATGACTGGCTCGAGCACCACCACCACCACCACTGA
NOPiv,O=C(OC)CCC1=CC=CC=C1,O=C(OC)C[C@H](N)C1=CC=CC=C4,,1,NOPiv_G4,I149L,CTT,MTPSDIPGYDYGRVEKSPITDLEFDLLKKTVMLGEEDIMYLKKAADVLKDQVDEILDLAGGWVASNEHLIYYFSNPDTGEPIKEYLERIRARLGAWVLDTTCRDYNREWLDYQYEVGLRHHRSKKGVTDGVRTVPNTPLRYLIAGIYPLTATIKPLLAEKGGSPEDIEGMYNAWLKSVVLQVAIWSHPYTKENDWLEHHHHHH,ATGACTCCCTCGGACATCCCGGGGTATGATTATGGGCGTGTCGAGAAGTCACCCATCACGGACCTTGAGTTTGACCTTCTGAAGAAGACTGTCATGTTAGGTGAAGAGGACATAATGTACTTGAAAAAGGCGGCTGACGTTCTGAAAGATCAAGTTGATGAGATCCTTGACCTGGCGGGTGGTTGGGTAGCATCAAATGAGCATTTGATTTATTACTTCTCCAATCCGGATACAGGAGAGCCTATTAAAGAATACCTGGAACGTATACGCGCTCGCCTTGGAGCCTGGGTTCTGGACACTACCTGCCGCGACTATAACCGTGAATGGTTAGACTACCAGTACGAAGTTGGGCTTCGTCATCACCGTTCAAAGAAAGGGGTCACAGACGGAGTACGCACCGTGCCCAATACCCCACTTCGTTATCTTATCGCAGGTATCTATCCTCTTACCGCCACTATCAAGCCACTTTTAGCTGAGAAAGGTGGCTCTCCGGAAGACATCGAAGGGATGTACAACGCTTGGCTCAAGTCTGTAGTTCTACAAGTTGCCATCTGGTCACACCCTTATACTAAGGAGAATGACTGGCTCGAGCACCACCACCACCACCACTGA
NOPiv,O=C(OC)CCC1=CC=CC=C1,O=C(OC)C[C@H](N)C1=CC=CC=C5,,1,NOPiv_G5-1,L93I,ATT,MTPSDIPGYDYGRVEKSPITDLEFDLLKKTVMLGEEDIMYLKKAADVLKDQVDEILDLAGGWVASNEHLIYYFSNPDTGEPIKEYLERIRARIGAWVLDTTCRDYNREWLDYQYEVGLRHHRSKKGVTDGVRTVPNTPLRYLIAGIYPLTATIKPLLAEKGGSPEDIEGMYNAWLKSVVLQVAIWSHPYTKENDWLEHHHHHH,ATGACTCCCTCGGACATCCCGGGGTATGATTATGGGCGTGTCGAGAAGTCACCCATCACGGACCTTGAGTTTGACCTTCTGAAGAAGACTGTCATGTTAGGTGAAGAGGACATAATGTACTTGAAAAAGGCGGCTGACGTTCTGAAAGATCAAGTTGATGAGATCCTTGACCTGGCGGGTGGTTGGGTAGCATCAAATGAGCATTTGATTTATTACTTCTCCAATCCGGATACAGGAGAGCCTATTAAAGAATACCTGGAACGTATACGCGCTCGCATTGGAGCCTGGGTTCTGGACACTACCTGCCGCGACTATAACCGTGAATGGTTAGACTACCAGTACGAAGTTGGGCTTCGTCATCACCGTTCAAAGAAAGGGGTCACAGACGGAGTACGCACCGTGCCCAATACCCCACTTCGTTATCTTATCGCAGGTATCTATCCTCTTACCGCCACTATCAAGCCACTTTTAGCTGAGAAAGGTGGCTCTCCGGAAGACATCGAAGGGATGTACAACGCTTGGCTCAAGTCTGTAGTTCTACAAGTTGCCATCTGGTCACACCCTTATACTAAGGAGAATGACTGGCTCGAGCACCACCACCACCACCACTGA
NOPiv,O=C(OC)CCC1=CC=CC=C1,O=C(OC)C[C@H](N)C1=CC=CC=C6,,1,NOPiv_G6-1,L86C,TGT,MTPSDIPGYDYGRVEKSPITDLEFDLLKKTVMLGEEDIMYLKKAADVLKDQVDEILDLAGGWVASNEHLIYYFSNPDTGEPIKEYCERIRARIGAWVLDTTCRDYNREWLDYQYEVGLRHHRSKKGVTDGVRTVPNTPLRYLIAGIYPLTATIKPLLAEKGGSPEDIEGMYNAWLKSVVLQVAIWSHPYTKENDWLEHHHHHH,ATGACTCCCTCGGACATCCCGGGGTATGATTATGGGCGTGTCGAGAAGTCACCCATCACGGACCTTGAGTTTGACCTTCTGAAGAAGACTGTCATGTTAGGTGAAGAGGACATAATGTACTTGAAAAAGGCGGCTGACGTTCTGAAAGATCAAGTTGATGAGATCCTTGACCTGGCGGGTGGTTGGGTAGCATCAAATGAGCATTTGATTTATTACTTCTCCAATCCGGATACAGGAGAGCCTATTAAAGAATACTGTGAACGTATACGCGCTCGCATTGGAGCCTGGGTTCTGGACACTACCTGCCGCGACTATAACCGTGAATGGTTAGACTACCAGTACGAAGTTGGGCTTCGTCATCACCGTTCAAAGAAAGGGGTCACAGACGGAGTACGCACCGTGCCCAATACCCCACTTCGTTATCTTATCGCAGGTATCTATCCTCTTACCGCCACTATCAAGCCACTTTTAGCTGAGAAAGGTGGCTCTCCGGAAGACATCGAAGGGATGTACAACGCTTGGCTCAAGTCTGTAGTTCTACAAGTTGCCATCTGGTCACACCCTTATACTAAGGAGAATGACTGGCTCGAGCACCACCACCACCACCACTGA
NOPiv,O=C(OC)CCC1=CC=CC=C1,O=C(OC)C[C@H](N)C1=CC=CC=C7,,1,NOPiv_G7-1,A59V,GTT,MTPSDIPGYDYGRVEKSPITDLEFDLLKKTVMLGEEDIMYLKKAADVLKDQVDEILDLVGGWVASNEHLIYYFSNPDTGEPIKEYCERIRARIGAWVLDTTCRDYNREWLDYQYEVGLRHHRSKKGVTDGVRTVPNTPLRYLIAGIYPLTATIKPLLAEKGGSPEDIEGMYNAWLKSVVLQVAIWSHPYTKENDWLEHHHHHH,ATGACTCCCTCGGACATCCCGGGGTATGATTATGGGCGTGTCGAGAAGTCACCCATCACGGACCTTGAGTTTGACCTTCTGAAGAAGACTGTCATGTTAGGTGAAGAGGACATAATGTACTTGAAAAAGGCGGCTGACGTTCTGAAAGATCAAGTTGATGAGATCCTTGACCTGGTTGGTGGTTGGGTAGCATCAAATGAGCATTTGATTTATTACTTCTCCAATCCGGATACAGGAGAGCCTATTAAAGAATACTGTGAACGTATACGCGCTCGCATTGGAGCCTGGGTTCTGGACACTACCTGCCGCGACTATAACCGTGAATGGTTAGACTACCAGTACGAAGTTGGGCTTCGTCATCACCGTTCAAAGAAAGGGGTCACAGACGGAGTACGCACCGTGCCCAATACCCCACTTCGTTATCTTATCGCAGGTATCTATCCTCTTACCGCCACTATCAAGCCACTTTTAGCTGAGAAAGGTGGCTCTCCGGAAGACATCGAAGGGATGTACAACGCTTGGCTCAAGTCTGTAGTTCTACAAGTTGCCATCTGGTCACACCCTTATACTAAGGAGAATGACTGGCTCGAGCACCACCACCACCACCACTGA
NOPiv,O=C(OC)CCC1=CC=CC=C1,O=C(OC)C[C@H](N)C1=CC=CC=C8,,1,NOPiv_G11-1,I38M_K43M_E115E_V127L_S186S,ATG_ATG_GAG_CTC_TCG,MTPSDIPGYDYGRVEKSPITDLEFDLLKKTVMLGEEDMMYLKMAADVLKDQVDEILDLVGGWVASNEHLIYYFSNPDTGEPIKEYCERIRARIGAWVLDTTCRDYNREWLDYQYEVGLRHHRSKKGLTDGVRTVPNTPLRYLIAGIYPLTATIKPLLAEKGGSPEDIEGMYNAWLKSVVLQVAIWSHPYTKENDWLEHHHHHH,ATGACTCCCTCGGACATCCCGGGGTATGATTATGGGCGTGTCGAGAAGTCACCCATCACGGACCTTGAGTTTGACCTTCTGAAGAAGACTGTCATGTTAGGTGAAGAGGACATGATGTACTTGAAAATGGCGGCTGACGTTCTGAAAGATCAAGTTGATGAGATCCTTGACCTGGTTGGTGGTTGGGTAGCATCAAATGAGCATTTGATTTATTACTTCTCCAATCCGGATACAGGAGAGCCTATTAAAGAATACTGTGAACGTATACGCGCTCGCATTGGAGCCTGGGTTCTGGACACTACCTGCCGCGACTATAACCGTGAATGGTTAGACTACCAGTACGAGGTTGGGCTTCGTCATCACCGTTCAAAGAAAGGGCTCACAGACGGAGTACGCACCGTGCCCAATACCCCACTTCGTTATCTTATCGCAGGTATCTATCCTCTTACCGCCACTATCAAGCCACTTTTAGCTGAGAAAGGTGGCTCTCCGGAAGACATCGAAGGGATGTACAACGCTTGGCTCAAGTCTGTAGTTCTACAAGTTGCCATCTGGTCGCACCCTTATACTAAGGAGAATGACTGGCTCGAGCACCACCACCACCACCACTGA
NOPiv,O=C(OC)CCC1=CC=CC=C1,O=C(OC)C[C@@H](N)C1=CC=CC=C1,,2,NOPiv_G5-2,L93F,TTT,MTPSDIPGYDYGRVEKSPITDLEFDLLKKTVMLGEEDIMYLKKAADVLKDQVDEILDLAGGWVASNEHLIYYFSNPDTGEPIKEYLERIRARFGAWVLDTTCRDYNREWLDYQYEVGLRHHRSKKGVTDGVRTVPNTPLRYLIAGIYPLTATIKPLLAEKGGSPEDIEGMYNAWLKSVVLQVAIWSHPYTKENDWLEHHHHHH,ATGACTCCCTCGGACATCCCGGGGTATGATTATGGGCGTGTCGAGAAGTCACCCATCACGGACCTTGAGTTTGACCTTCTGAAGAAGACTGTCATGTTAGGTGAAGAGGACATAATGTACTTGAAAAAGGCGGCTGACGTTCTGAAAGATCAAGTTGATGAGATCCTTGACCTGGCGGGTGGTTGGGTAGCATCAAATGAGCATTTGATTTATTACTTCTCCAATCCGGATACAGGAGAGCCTATTAAAGAATACCTGGAACGTATACGCGCTCGCTTTGGAGCCTGGGTTCTGGACACTACCTGCCGCGACTATAACCGTGAATGGTTAGACTACCAGTACGAAGTTGGGCTTCGTCATCACCGTTCAAAGAAAGGGGTCACAGACGGAGTACGCACCGTGCCCAATACCCCACTTCGTTATCTTATCGCAGGTATCTATCCTCTTACCGCCACTATCAAGCCACTTTTAGCTGAGAAAGGTGGCTCTCCGGAAGACATCGAAGGGATGTACAACGCTTGGCTCAAGTCTGTAGTTCTACAAGTTGCCATCTGGTCACACCCTTATACTAAGGAGAATGACTGGCTCGAGCACCACCACCACCACCACTGA
NOPiv,O=C(OC)CCC1=CC=CC=C1,O=C(OC)C[C@@H](N)C1=CC=CC=C1,,2,NOPiv_G6-2,L86M,ATG,MTPSDIPGYDYGRVEKSPITDLEFDLLKKTVMLGEEDIMYLKKAADVLKDQVDEILDLAGGWVASNEHLIYYFSNPDTGEPIKEYMERIRARFGAWVLDTTCRDYNREWLDYQYEVGLRHHRSKKGVTDGVRTVPNTPLRYLIAGIYPLTATIKPLLAEKGGSPEDIEGMYNAWLKSVVLQVAIWSHPYTKENDWLEHHHHHH,ATGACTCCCTCGGACATCCCGGGGTATGATTATGGGCGTGTCGAGAAGTCACCCATCACGGACCTTGAGTTTGACCTTCTGAAGAAGACTGTCATGTTAGGTGAAGAGGACATAATGTACTTGAAAAAGGCGGCTGACGTTCTGAAAGATCAAGTTGATGAGATCCTTGACCTGGCGGGTGGTTGGGTAGCATCAAATGAGCATTTGATTTATTACTTCTCCAATCCGGATACAGGAGAGCCTATTAAAGAATACATGGAACGTATACGCGCTCGCTTTGGAGCCTGGGTTCTGGACACTACCTGCCGCGACTATAACCGTGAATGGTTAGACTACCAGTACGAAGTTGGGCTTCGTCATCACCGTTCAAAGAAAGGGGTCACAGACGGAGTACGCACCGTGCCCAATACCCCACTTCGTTATCTTATCGCAGGTATCTATCCTCTTACCGCCACTATCAAGCCACTTTTAGCTGAGAAAGGTGGCTCTCCGGAAGACATCGAAGGGATGTACAACGCTTGGCTCAAGTCTGTAGTTCTACAAGTTGCCATCTGGTCACACCCTTATACTAAGGAGAATGACTGGCTCGAGCACCACCACCACCACCACTGA
NOPiv,O=C(OC)CCC1=CC=CC=C1,O=C(OC)C[C@@H](N)C1=CC=CC=C1,,2,NOPiv_G7-2,A59V,GTT,MTPSDIPGYDYGRVEKSPITDLEFDLLKKTVMLGEEDIMYLKKAADVLKDQVDEILDLVGGWVASNEHLIYYFSNPDTGEPIKEYMERIRARFGAWVLDTTCRDYNREWLDYQYEVGLRHHRSKKGVTDGVRTVPNTPLRYLIAGIYPLTATIKPLLAEKGGSPEDIEGMYNAWLKSVVLQVAIWSHPYTKENDWLEHHHHHH,ATGACTCCCTCGGACATCCCGGGGTATGATTATGGGCGTGTCGAGAAGTCACCCATCACGGACCTTGAGTTTGACCTTCTGAAGAAGACTGTCATGTTAGGTGAAGAGGACATAATGTACTTGAAAAAGGCGGCTGACGTTCTGAAAGATCAAGTTGATGAGATCCTTGACCTGGTTGGTGGTTGGGTAGCATCAAATGAGCATTTGATTTATTACTTCTCCAATCCGGATACAGGAGAGCCTATTAAAGAATACATGGAACGTATACGCGCTCGCTTTGGAGCCTGGGTTCTGGACACTACCTGCCGCGACTATAACCGTGAATGGTTAGACTACCAGTACGAAGTTGGGCTTCGTCATCACCGTTCAAAGAAAGGGGTCACAGACGGAGTACGCACCGTGCCCAATACCCCACTTCGTTATCTTATCGCAGGTATCTATCCTCTTACCGCCACTATCAAGCCACTTTTAGCTGAGAAAGGTGGCTCTCCGGAAGACATCGAAGGGATGTACAACGCTTGGCTCAAGTCTGTAGTTCTACAAGTTGCCATCTGGTCACACCCTTATACTAAGGAGAATGACTGGCTCGAGCACCACCACCACCACCACTGA
NOPiv,O=C(OC)CCC1=CC=CC=C1,O=C(OC)C[C@@H](N)C1=CC=CC=C1,,2,NOPiv_G8-2,V178M,ATG,MTPSDIPGYDYGRVEKSPITDLEFDLLKKTVMLGEEDIMYLKKAADVLKDQVDEILDLVGGWVASNEHLIYYFSNPDTGEPIKEYMERIRARFGAWVLDTTCRDYNREWLDYQYEVGLRHHRSKKGVTDGVRTVPNTPLRYLIAGIYPLTATIKPLLAEKGGSPEDIEGMYNAWLKSMVLQVAIWSHPYTKENDWLEHHHHHH,ATGACTCCCTCGGACATCCCGGGGTATGATTATGGGCGTGTCGAGAAGTCACCCATCACGGACCTTGAGTTTGACCTTCTGAAGAAGACTGTCATGTTAGGTGAAGAGGACATAATGTACTTGAAAAAGGCGGCTGACGTTCTGAAAGATCAAGTTGATGAGATCCTTGACCTGGTTGGTGGTTGGGTAGCATCAAATGAGCATTTGATTTATTACTTCTCCAATCCGGATACAGGAGAGCCTATTAAAGAATACATGGAACGTATACGCGCTCGCTTTGGAGCCTGGGTTCTGGACACTACCTGCCGCGACTATAACCGTGAATGGTTAGACTACCAGTACGAAGTTGGGCTTCGTCATCACCGTTCAAAGAAAGGGGTCACAGACGGAGTACGCACCGTGCCCAATACCCCACTTCGTTATCTTATCGCAGGTATCTATCCTCTTACCGCCACTATCAAGCCACTTTTAGCTGAGAAAGGTGGCTCTCCGGAAGACATCGAAGGGATGTACAACGCTTGGCTCAAGTCTATGGTTCTACAAGTTGCCATCTGGTCACACCCTTATACTAAGGAGAATGACTGGCTCGAGCACCACCACCACCACCACTGA
NOPiv,O=C(OC)CCC1=CC=CC=C1,O=C(OC)C[C@@H](N)C1=CC=CC=C1,,2,NOPiv_G9-2,R90T,ACG,MTPSDIPGYDYGRVEKSPITDLEFDLLKKTVMLGEEDIMYLKKAADVLKDQVDEILDLVGGWVASNEHLIYYFSNPDTGEPIKEYMERITARFGAWVLDTTCRDYNREWLDYQYEVGLRHHRSKKGVTDGVRTVPNTPLRYLIAGIYPLTATIKPLLAEKGGSPEDIEGMYNAWLKSMVLQVAIWSHPYTKENDWLEHHHHHH,ATGACTCCCTCGGACATCCCGGGGTATGATTATGGGCGTGTCGAGAAGTCACCCATCACGGACCTTGAGTTTGACCTTCTGAAGAAGACTGTCATGTTAGGTGAAGAGGACATAATGTACTTGAAAAAGGCGGCTGACGTTCTGAAAGATCAAGTTGATGAGATCCTTGACCTGGTTGGTGGTTGGGTAGCATCAAATGAGCATTTGATTTATTACTTCTCCAATCCGGATACAGGAGAGCCTATTAAAGAATACATGGAACGTATAACGGCTCGCTTTGGAGCCTGGGTTCTGGACACTACCTGCCGCGACTATAACCGTGAATGGTTAGACTACCAGTACGAAGTTGGGCTTCGTCATCACCGTTCAAAGAAAGGGGTCACAGACGGAGTACGCACCGTGCCCAATACCCCACTTCGTTATCTTATCGCAGGTATCTATCCTCTTACCGCCACTATCAAGCCACTTTTAGCTGAGAAAGGTGGCTCTCCGGAAGACATCGAAGGGATGTACAACGCTTGGCTCAAGTCTATGGTTCTACAAGTTGCCATCTGGTCACACCCTTATACTAAGGAGAATGACTGGCTCGAGCACCACCACCACCACCACTGA
NOPiv,O=C(OC)CCC1=CC=CC=C1,O=C(OC)C[C@@H](N)C1=CC=CC=C1,,2,NOPiv_G10-2,L56T,ACG,MTPSDIPGYDYGRVEKSPITDLEFDLLKKTVMLGEEDIMYLKKAADVLKDQVDEITDLVGGWVASNEHLIYYFSNPDTGEPIKEYMERITARFGAWVLDTTCRDYNREWLDYQYEVGLRHHRSKKGVTDGVRTVPNTPLRYLIAGIYPLTATIKPLLAEKGGSPEDIEGMYNAWLKSMVLQVAIWSHPYTKENDWLEHHHHHH,ATGACTCCCTCGGACATCCCGGGGTATGATTATGGGCGTGTCGAGAAGTCACCCATCACGGACCTTGAGTTTGACCTTCTGAAGAAGACTGTCATGTTAGGTGAAGAGGACATAATGTACTTGAAAAAGGCGGCTGACGTTCTGAAAGATCAAGTTGATGAGATCACGGACCTGGTTGGTGGTTGGGTAGCATCAAATGAGCATTTGATTTATTACTTCTCCAATCCGGATACAGGAGAGCCTATTAAAGAATACATGGAACGTATAACGGCTCGCTTTGGAGCCTGGGTTCTGGACACTACCTGCCGCGACTATAACCGTGAATGGTTAGACTACCAGTACGAAGTTGGGCTTCGTCATCACCGTTCAAAGAAAGGGGTCACAGACGGAGTACGCACCGTGCCCAATACCCCACTTCGTTATCTTATCGCAGGTATCTATCCTCTTACCGCCACTATCAAGCCACTTTTAGCTGAGAAAGGTGGCTCTCCGGAAGACATCGAAGGGATGTACAACGCTTGGCTCAAGTCTATGGTTCTACAAGTTGCCATCTGGTCACACCCTTATACTAAGGAGAATGACTGGCTCGAGCACCACCACCACCACCACTGA
NOPiv,O=C(OC)CCC1=CC=CC=C1,O=C(OC)C[C@@H](N)C1=CC=CC=C1,,2,NOPiv_G13-2,M86C,TGT,MTPSDIPGYDYGRVEKSPITDLEFDLLKKTVMLGEEDIMYLKKAADVLKDQVDEITDLVGGWVASNEHLIYYFSNPDTGEPIKEYCERITARFGAWVLDTTCRDYNREWLDYQYEVGLRHHRSKKGVTDGVRTVPNTPLRYLIAGIYPLTATIKPLLAEKGGSPEDIEGMYNAWLKSMVLQVAIWSHPYTKENDWLEHHHHHH,ATGACTCCCTCGGACATCCCGGGGTATGATTATGGGCGTGTCGAGAAGTCACCCATCACGGACCTTGAGTTTGACCTTCTGAAGAAGACTGTCATGTTAGGTGAAGAGGACATAATGTACTTGAAAAAGGCGGCTGACGTTCTGAAAGATCAAGTTGATGAGATCACGGACCTGGTTGGTGGTTGGGTAGCATCAAATGAGCATTTGATTTATTACTTCTCCAATCCGGATACAGGAGAGCCTATTAAAGAATACTGTGAACGTATAACGGCTCGCTTTGGAGCCTGGGTTCTGGACACTACCTGCCGCGACTATAACCGTGAATGGTTAGACTACCAGTACGAAGTTGGGCTTCGTCATCACCGTTCAAAGAAAGGGGTCACAGACGGAGTACGCACCGTGCCCAATACCCCACTTCGTTATCTTATCGCAGGTATCTATCCTCTTACCGCCACTATCAAGCCACTTTTAGCTGAGAAAGGTGGCTCTCCGGAAGACATCGAAGGGATGTACAACGCTTGGCTCAAGTCTATGGTTCTACAAGTTGCCATCTGGTCACACCCTTATACTAAGGAGAATGACTGGCTCGAGCACCACCACCACCACCACTGA
NOPiv,O=C(OC)CCC1=CC=CC=C1,O=C(OC)C[C@@H](N)C1=CC=CC=C1,,2,NOPiv_G14-2,W62V,GTT,MTPSDIPGYDYGRVEKSPITDLEFDLLKKTVMLGEEDIMYLKKAADVLKDQVDEITDLVGGVVASNEHLIYYFSNPDTGEPIKEYCERITARFGAWVLDTTCRDYNREWLDYQYEVGLRHHRSKKGVTDGVRTVPNTPLRYLIAGIYPLTATIKPLLAEKGGSPEDIEGMYNAWLKSMVLQVAIWSHPYTKENDWLEHHHHHH,ATGACTCCCTCGGACATCCCGGGGTATGATTATGGGCGTGTCGAGAAGTCACCCATCACGGACCTTGAGTTTGACCTTCTGAAGAAGACTGTCATGTTAGGTGAAGAGGACATAATGTACTTGAAAAAGGCGGCTGACGTTCTGAAAGATCAAGTTGATGAGATCACGGACCTGGTTGGTGGTGTTGTAGCATCAAATGAGCATTTGATTTATTACTTCTCCAATCCGGATACAGGAGAGCCTATTAAAGAATACTGTGAACGTATAACGGCTCGCTTTGGAGCCTGGGTTCTGGACACTACCTGCCGCGACTATAACCGTGAATGGTTAGACTACCAGTACGAAGTTGGGCTTCGTCATCACCGTTCAAAGAAAGGGGTCACAGACGGAGTACGCACCGTGCCCAATACCCCACTTCGTTATCTTATCGCAGGTATCTATCCTCTTACCGCCACTATCAAGCCACTTTTAGCTGAGAAAGGTGGCTCTCCGGAAGACATCGAAGGGATGTACAACGCTTGGCTCAAGTCTATGGTTCTACAAGTTGCCATCTGGTCACACCCTTATACTAAGGAGAATGACTGGCTCGAGCACCACCACCACCACCACTGA
NOPiv,O=C(OC)CCC1=CC=CC=C1,O=C(OC)C[C@@H](N)C1=CC=CC=C1,,2,NOPiv_G15-2,T56A,GCG,MTPSDIPGYDYGRVEKSPITDLEFDLLKKTVMLGEEDIMYLKKAADVLKDQVDEIADLVGGVVASNEHLIYYFSNPDTGEPIKEYCERITARFGAWVLDTTCRDYNREWLDYQYEVGLRHHRSKKGVTDGVRTVPNTPLRYLIAGIYPLTATIKPLLAEKGGSPEDIEGMYNAWLKSMVLQVAIWSHPYTKENDWLEHHHHHH,ATGACTCCCTCGGACATCCCGGGGTATGATTATGGGCGTGTCGAGAAGTCACCCATCACGGACCTTGAGTTTGACCTTCTGAAGAAGACTGTCATGTTAGGTGAAGAGGACATAATGTACTTGAAAAAGGCGGCTGACGTTCTGAAAGATCAAGTTGATGAGATCGCGGACCTGGTTGGTGGTGTTGTAGCATCAAATGAGCATTTGATTTATTACTTCTCCAATCCGGATACAGGAGAGCCTATTAAAGAATACTGTGAACGTATAACGGCTCGCTTTGGAGCCTGGGTTCTGGACACTACCTGCCGCGACTATAACCGTGAATGGTTAGACTACCAGTACGAAGTTGGGCTTCGTCATCACCGTTCAAAGAAAGGGGTCACAGACGGAGTACGCACCGTGCCCAATACCCCACTTCGTTATCTTATCGCAGGTATCTATCCTCTTACCGCCACTATCAAGCCACTTTTAGCTGAGAAAGGTGGCTCTCCGGAAGACATCGAAGGGATGTACAACGCTTGGCTCAAGTCTATGGTTCTACAAGTTGCCATCTGGTCACACCCTTATACTAAGGAGAATGACTGGCTCGAGCACCACCACCACCACCACTGA
NOPiv,O=C(OC)CCC1=CC=CC=C1,O=C(OC)C[C@@H](N)C1=CC=CC=C1,,2,NOPiv_G16-2,I55V_L196P,GTC_CCC,MTPSDIPGYDYGRVEKSPITDLEFDLLKKTVMLGEEDIMYLKKAADVLKDQVDEVADLVGGVVASNEHLIYYFSNPDTGEPIKEYCERITARFGAWVLDTTCRDYNREWLDYQYEVGLRHHRSKKGVTDGVRTVPNTPLRYLIAGIYPLTATIKPLLAEKGGSPEDIEGMYNAWLKSMVLQVAIWSHPYTKENDWPEHHHHHH,ATGACTCCCTCGGACATCCCGGGGTATGATTATGGGCGTGTCGAGAAGTCACCCATCACGGACCTTGAGTTTGACCTTCTGAAGAAGACTGTCATGTTAGGTGAAGAGGACATAATGTACTTGAAAAAGGCGGCTGACGTTCTGAAAGATCAAGTTGATGAGGTCGCGGACCTGGTTGGTGGTGTTGTAGCATCAAATGAGCATTTGATTTATTACTTCTCCAATCCGGATACAGGAGAGCCTATTAAAGAATACTGTGAACGTATAACGGCTCGCTTTGGAGCCTGGGTTCTGGACACTACCTGCCGCGACTATAACCGTGAATGGTTAGACTACCAGTACGAAGTTGGGCTTCGTCATCACCGTTCAAAGAAAGGGGTCACAGACGGAGTACGCACCGTGCCCAATACCCCACTTCGTTATCTTATCGCAGGTATCTATCCTCTTACCGCCACTATCAAGCCACTTTTAGCTGAGAAAGGTGGCTCTCCGGAAGACATCGAAGGGATGTACAACGCTTGGCTCAAGTCTATGGTTCTACAAGTTGCCATCTGGTCACACCCTTATACTAAGGAGAATGACTGGCCCGAGCACCACCACCACCACCACTGA
H2NOH,O=C(OC)CCC1=CC=CC=C1,O=C(OC)C[C@H](N)C1=CC=CC=C1,,1,H2NOH_G0,#PARENT#,#PARENT#,MTPSDIPGYDYGRVEKSPITDLEFDLLKKTVMLGEEDVMYLKKAADVLKDQVDEILDLAGGWVASNEHLIYYFSNPDTGEPIKEYLERVRARWGAWVLDTTCRDYNREWLDYQYEVGLRHHRSKKGVTDGVRTVPNTPLRYLIAGIYPITATIKPLLAEKGGSPEDIEGMYNAWLKSVVLQVAIWSHPYTKENDWLEHHHHHH,ATGACTCCCTCGGACATCCCGGGGTATGATTATGGGCGTGTCGAGAAGTCACCCATCACGGACCTTGAGTTTGACCTTCTGAAGAAGACTGTCATGTTAGGTGAAGAGGACGTAATGTACTTGAAAAAGGCGGCTGACGTTCTGAAAGATCAAGTTGATGAGATCCTTGACCTGGCGGGTGGTTGGGTAGCATCAAATGAGCATTTGATTTATTACTTCTCCAATCCGGATACAGGAGAGCCTATTAAAGAATACCTGGAACGTGTACGCGCTCGCTGGGGAGCCTGGGTTCTGGACACTACCTGCCGCGACTATAACCGTGAATGGTTAGACTACCAGTACGAAGTTGGGCTTCGTCATCACCGTTCAAAGAAAGGGGTCACAGACGGAGTACGCACCGTGCCCAATACCCCACTTCGTTATCTTATCGCAGGTATCTATCCTATCACCGCCACTATCAAGCCACTTTTAGCTGAGAAAGGTGGCTCTCCGGAAGACATCGAAGGGATGTACAACGCTTGGCTCAAGTCTGTAGTTCTACAAGTTGCCATCTGGTCACACCCTTATACTAAGGAGAATGACTGGCTCGAGCACCACCACCACCACCACTGA
H2NOH,O=C(OC)CCC1=CC=CC=C1,O=C(OC)C[C@H](N)C1=CC=CC=C1,,1,H2NOH_G1,L196P_E197Q,CCC_CAG,MTPSDIPGYDYGRVEKSPITDLEFDLLKKTVMLGEEDVMYLKKAADVLKDQVDEILDLAGGWVASNEHLIYYFSNPDTGEPIKEYLERVRARWGAWVLDTTCRDYNREWLDYQYEVGLRHHRSKKGVTDGVRTAPNTPLRYLIAGIYPITATIKPLLAEKGGSPEDIEGMYNAWLKSVVLQVAIWSHPYTKENDWLEHHHHHH,ATGACTCCCTCGGACATCCCGGGGTATGATTATGGGCGTGTCGAGAAGTCACCCATCACGGACCTTGAGTTTGACCTTCTGAAGAAGACTGTCATGTTAGGTGAAGAGGACGTAATGTACTTGAAAAAGGCGGCTGACGTTCTGAAAGATCAAGTTGATGAGATCCTTGACCTGGCGGGTGGTTGGGTAGCATCAAATGAGCATTTGATTTATTACTTCTCCAATCCGGATACAGGAGAGCCTATTAAAGAATACCTGGAACGTGTACGCGCTCGCTGGGGAGCCTGGGTTCTGGACACTACCTGCCGCGACTATAACCGTGAATGGTTAGACTACCAGTACGAAGTTGGGCTTCGTCATCACCGTTCAAAGAAAGGGGTCACAGACGGAGTGCGCACCGCGCCCAATACCCCACTTCGTTATCTTATCGCAGGTATCTATCCTATCACCGCCACTATCAAGCCACTTTTAGCTGAGAAAGGTGGCTCTCCGGAAGACATCGAAGGGATGTACAACGCTTGGCTCAAGTCTGTAGTTCTACAAGTTGCCATCTGGTCACACCCTTATACTAAGGAGAATGACTGGCTCGAGCACCACCACCACCACCACTGA
H2NOH,O=C(OC)CCC1=CC=CC=C1,O=C(OC)C[C@H](N)C1=CC=CC=C2,,1,H2NOH_G2,V131V_V134A_P196L*_Q197E*,GTG_GCG_CTC_GAG,MTPSDIPGYDYGRVEKSPITDLEFDLLKKTVMLGEEDVMYLKKAADVLKDQVDEILDLAGGWVASNEHLIYYFSNPDTGEPIKEYLERVRARWGAWVLDTTCRDYNREWLDYQYEVGLRHHRSKKGVTDGVRTAPNTPLRYLIAGIYPITATIKPLLAEKGGSPEDIEGMYNAWLKSVVLQVAIWSHPYTKENDWLEHHHHHH,ATGACTCCCTCGGACATCCCGGGGTATGATTATGGGCGTGTCGAGAAGTCACCCATCACGGACCTTGAGTTTGACCTTCTGAAGAAGACTGTCATGTTAGGTGAAGAGGACGTAATGTACTTGAAAAAGGCGGCTGACGTTCTGAAAGATCAAGTTGATGAGATCCTTGACCTGGCGGGTGGTTGGGTAGCATCAAATGAGCATTTGATTTATTACTTCTCCAATCCGGATACAGGAGAGCCTATTAAAGAATACCTGGAACGTGTACGCGCTCGCTGGGGAGCCTGGGTTCTGGACACTACCTGCCGCGACTATAACCGTGAATGGTTAGACTACCAGTACGAAGTTGGGCTTCGTCATCACCGTTCAAAGAAAGGGGTCACAGACGGAGTGCGCACCGCGCCCAATACCCCACTTCGTTATCTTATCGCAGGTATCTATCCTATCACCGCCACTATCAAGCCACTTTTAGCTGAGAAAGGTGGCTCTCCGGAAGACATCGAAGGGATGTACAACGCTTGGCTCAAGTCTGTAGTTCTACAAGTTGCCATCTGGTCACACCCTTATACTAAGGAGAATGACTGGCTCGAGCACCACCACCACCACCACTGA
H2NOH,O=C(OC)CCC1=CC=CC=C1,O=C(OC)C[C@H](N)C1=CC=CC=C3,,1,H2NOH_G3,R13R_A59M_I149L,CGA_ATG_CTT,MTPSDIPGYDYGRVEKSPITDLEFDLLKKTVMLGEEDVMYLKKAADVLKDQVDEILDLMGGWVASNEHLIYYFSNPDTGEPIKEYLERVRARWGAWVLDTTCRDYNREWLDYQYEVGLRHHRSKKGVTDGVRTAPNTPLRYLIAGIYPLTATIKPLLAEKGGSPEDIEGMYNAWLKSVVLQVAIWSHPYTKENDWLEHHHHHH,ATGACTCCCTCGGACATCCCGGGGTATGATTATGGGCGAGTCGAGAAGTCACCCATCACGGACCTTGAGTTTGACCTTCTGAAGAAGACTGTCATGTTAGGTGAAGAGGACGTAATGTACTTGAAAAAGGCGGCTGACGTTCTGAAAGATCAAGTTGATGAGATCCTTGACCTGATGGGTGGTTGGGTAGCATCAAATGAGCATTTGATTTATTACTTCTCCAATCCGGATACAGGAGAGCCTATTAAAGAATACCTGGAACGTGTACGCGCTCGCTGGGGAGCCTGGGTTCTGGACACTACCTGCCGCGACTATAACCGTGAATGGTTAGACTACCAGTACGAAGTTGGGCTTCGTCATCACCGTTCAAAGAAAGGGGTCACAGACGGAGTGCGCACCGCGCCCAATACCCCACTTCGTTATCTTATCGCAGGTATCTATCCTCTTACCGCCACTATCAAGCCACTTTTAGCTGAGAAAGGTGGCTCTCCGGAAGACATCGAAGGGATGTACAACGCTTGGCTCAAGTCTGTAGTTCTACAAGTTGCCATCTGGTCACACCCTTATACTAAGGAGAATGACTGGCTCGAGCACCACCACCACCACCACTGA
H2NOH,O=C(OC)CCC1=CC=CC=C1,O=C(OC)C[C@H](N)C1=CC=CC=C4,,1,H2NOH_G4,L86F,TTT,MTPSDIPGYDYGRVEKSPITDLEFDLLKKTVMLGEEDVMYLKKAADVLKDQVDEILDLMGGWVASNEHLIYYFSNPDTGEPIKEYFERVRARWGAWVLDTTCRDYNREWLDYQYEVGLRHHRSKKGVTDGVRTAPNTPLRYLIAGIYPLTATIKPLLAEKGGSPEDIEGMYNAWLKSVVLQVAIWSHPYTKENDWLEHHHHHH,ATGACTCCCTCGGACATCCCGGGGTATGATTATGGGCGAGTCGAGAAGTCACCCATCACGGACCTTGAGTTTGACCTTCTGAAGAAGACTGTCATGTTAGGTGAAGAGGACGTAATGTACTTGAAAAAGGCGGCTGACGTTCTGAAAGATCAAGTTGATGAGATCCTTGACCTGATGGGTGGTTGGGTAGCATCAAATGAGCATTTGATTTATTACTTCTCCAATCCGGATACAGGAGAGCCTATTAAAGAATACTTTGAACGTGTACGCGCTCGCTGGGGAGCCTGGGTTCTGGACACTACCTGCCGCGACTATAACCGTGAATGGTTAGACTACCAGTACGAAGTTGGGCTTCGTCATCACCGTTCAAAGAAAGGGGTCACAGACGGAGTGCGCACCGCGCCCAATACCCCACTTCGTTATCTTATCGCAGGTATCTATCCTCTTACCGCCACTATCAAGCCACTTTTAGCTGAGAAAGGTGGCTCTCCGGAAGACATCGAAGGGATGTACAACGCTTGGCTCAAGTCTGTAGTTCTACAAGTTGCCATCTGGTCACACCCTTATACTAAGGAGAATGACTGGCTCGAGCACCACCACCACCACCACTGA
H2NOH,O=C(OC)CCC1=CC=CC=C1,O=C(OC)C[C@H](N)C1=CC=CC=C5,,1,H2NOH_G5,L22L_K29M_V31V_L33L_A45A_G61R_A144A_S163S_I167V_W174L,CTC_ATG_GTT_TTG_GCC_CGT_GCT_TCA_GTC_TTG,MTPSDIPGYDYGRVEKSPITDLEFDLLKMTVMLGEEDVMYLKKAADVLKDQVDEILDLMGRWVASNEHLIYYFSNPDTGEPIKEYFERVRARWGAWVLDTTCRDYNREWLDYQYEVGLRHHRSKKGVTDGVRTAPNTPLRYLIAGIYPLTATIKPLLAEKGGSPEDVEGMYNALLKSVVLQVAIWSHPYTKENDWLEHHHHHH,ATGACTCCCTCGGACATCCCGGGGTATGATTATGGGCGAGTCGAGAAGTCACCCATCACGGACCTCGAGTTTGACCTTCTGAAGATGACTGTTATGTTGGGTGAAGAGGACGTAATGTACTTGAAAAAGGCGGCCGACGTTCTGAAAGATCAAGTTGATGAGATCCTTGACCTGATGGGTCGTTGGGTAGCATCAAATGAGCATTTGATTTATTACTTCTCCAATCCGGATACAGGAGAGCCTATTAAAGAATACTTTGAACGTGTACGCGCTCGCTGGGGAGCCTGGGTTCTGGACACTACCTGCCGCGACTATAACCGTGAATGGTTAGACTACCAGTACGAAGTTGGGCTTCGTCATCACCGTTCAAAGAAAGGGGTCACAGACGGAGTGCGCACCGCGCCCAATACCCCACTTCGTTATCTTATCGCTGGTATCTATCCTCTTACCGCCACTATCAAGCCACTTTTAGCTGAGAAAGGTGGCTCACCGGAAGACGTCGAAGGGATGTACAACGCTTTGCTCAAGTCTGTAGTTCTACAAGTTGCCATCTGGTCACACCCTTATACTAAGGAGAATGACTGGCTCGAGCACCACCACCACCACCACTGA
H2NOH,O=C(OC)CCC1=CC=CC=C1,O=C(OC)C[C@H](N)C1=CC=CC=C6,,1,H2NOH_G6,W62Y,TAT,MTPSDIPGYDYGRVEKSPITDLEFDLLKMTVMLGEEDVMYLKKAADVLKDQVDEILDLMGRYVASNEHLIYYFSNPDTGEPIKEYFERVRARWGAWVLDTTCRDYNREWLDYQYEVGLRHHRSKKGVTDGVRTAPNTPLRYLIAGIYPLTATIKPLLAEKGGSPEDVEGMYNALLKSVVLQVAIWSHPYTKENDWLEHHHHHH,ATGACTCCCTCGGACATCCCGGGGTATGATTATGGGCGAGTCGAGAAGTCACCCATCACGGACCTCGAGTTTGACCTTCTGAAGATGACTGTTATGTTGGGTGAAGAGGACGTAATGTACTTGAAAAAGGCGGCCGACGTTCTGAAAGATCAAGTTGATGAGATCCTTGACCTGATGGGTCGTTATGTAGCATCAAATGAGCATTTGATTTATTACTTCTCCAATCCGGATACAGGAGAGCCTATTAAAGAATACTTTGAACGTGTACGCGCTCGCTGGGGAGCCTGGGTTCTGGACACTACCTGCCGCGACTATAACCGTGAATGGTTAGACTACCAGTACGAAGTTGGGCTTCGTCATCACCGTTCAAAGAAAGGGGTCACAGACGGAGTGCGCACCGCGCCCAATACCCCACTTCGTTATCTTATCGCTGGTATCTATCCTCTTACCGCCACTATCAAGCCACTTTTAGCTGAGAAAGGTGGCTCACCGGAAGACGTCGAAGGGATGTACAACGCTTTGCTCAAGTCTGTAGTTCTACAAGTTGCCATCTGGTCACACCCTTATACTAAGGAGAATGACTGGCTCGAGCACCACCACCACCACCACTGA
H2NOH,O=C(OC)CCC1=CC=CC=C1,O=C(OC)C[C@H](N)C1=CC=CC=C7,,1,H2NOH_G6-2,V116R,CGT,MTPSDIPGYDYGRVEKSPITDLEFDLLKMTVMLGEEDVMYLKKAADVLKDQVDEILDLMGRWVASNEHLIYYFSNPDTGEPIKEYFERVRARWGAWVLDTTCRDYNREWLDYQYERGLRHHRSKKGVTDGVRTAPNTPLRYLIAGIYPLTATIKPLLAEKGGSPEDVEGMYNALLKSVVLQVAIWSHPYTKENDWLEHHHHHH,ATGACTCCCTCGGACATCCCGGGGTATGATTATGGGCGAGTCGAGAAGTCACCCATCACGGACCTCGAGTTTGACCTTCTGAAGATGACTGTTATGTTGGGTGAAGAGGACGTAATGTACTTGAAAAAGGCGGCCGACGTTCTGAAAGATCAAGTTGATGAGATCCTTGACCTGATGGGTCGTTGGGTAGCATCAAATGAGCATTTGATTTATTACTTCTCCAATCCGGATACAGGAGAGCCTATTAAAGAATACTTTGAACGTGTACGCGCTCGCTGGGGAGCCTGGGTTCTGGACACTACCTGCCGCGACTATAACCGTGAATGGTTAGACTACCAGTACGAACGTGGGCTTCGTCATCACCGTTCAAAGAAAGGGGTCACAGACGGAGTGCGCACCGCGCCCAATACCCCACTTCGTTATCTTATCGCTGGTATCTATCCTCTTACCGCCACTATCAAGCCACTTTTAGCTGAGAAAGGTGGCTCACCGGAAGACGTCGAAGGGATGTACAACGCTTTGCTCAAGTCTGTAGTTCTACAAGTTGCCATCTGGTCACACCCTTATACTAAGGAGAATGACTGGCTCGAGCACCACCACCACCACCACTGA
H2NOH,O=C(OC)CCC1=CC=CC=C1,O=C(OC)C[C@H](N)C1=CC=CC=C8,,1,H2NOH_G7,T2A_M29T,GCT_ACG,MAPSDIPGYDYGRVEKSPITDLEFDLLKTTVMLGEEDVMYLKKAADVLKDQVDEILDLMGRYVASNEHLIYYFSNPDTGEPIKEYFERVRARWGAWVLDTTCRDYNREWLDYQYERGLRHHRSKKGVTDGVRTAPNTPLRYLIAGIYPLTATIKPLLAEKGGSPEDVEGMYNALLKSVVLQVAIWSHPYTKENDWLEHHHHHH,ATGGCTCCCTCGGACATCCCGGGGTATGATTATGGGCGAGTCGAGAAGTCACCCATCACGGACCTCGAGTTTGACCTTCTGAAGACGACTGTTATGTTGGGTGAAGAGGACGTAATGTACTTGAAAAAGGCGGCCGACGTTCTGAAAGATCAAGTTGATGAGATCCTTGACCTGATGGGTCGTTATGTAGCATCAAATGAGCATTTGATTTATTACTTCTCCAATCCGGATACAGGAGAGCCTATTAAAGAATACTTTGAACGTGTACGCGCTCGCTGGGGAGCCTGGGTTCTGGACACTACCTGCCGCGACTATAACCGTGAATGGTTAGACTACCAGTACGAACGTGGGCTTCGTCATCACCGTTCAAAGAAAGGGGTCACAGACGGAGTGCGCACCGCGCCCAATACCCCACTTCGTTATCTTATCGCTGGTATCTATCCTCTTACCGCCACTATCAAGCCACTTTTAGCTGAGAAAGGTGGCTCACCGGAAGACGTCGAAGGGATGTACAACGCTTTGCTCAAGTCTGTAGTTCTACAAGTTGCCATCTGGTCACACCCTTATACTAAGGAGAATGACTGGCTCGAGCACCACCACCACCACCACTGA
